_id,name,category[0],category[1],category[2],category[3],category[4],category[5],category[6],category[7],category[8],category[9],category[10],category[11],category[12],category[13],category[14],category[15],category[16],category[17],category[18],category[19],category[20],url,photo
665de6935b5516c3bd2b248d,a dog standing on top of a grass covered hillside,Cat images & pictures,fields,Landscape images & pictures,pet,hill farm,Animals images & pictures,HD Wallpapers,,,,,,,,,,,,,,,https://unsplash.com/photos/a-dog-standing-on-top-of-a-grass-covered-hillside-QdUl7FCwzwE,full/1084e034994a2d5abc1d88f9a3b78ee584844732.jpg
665de6935b5516c3bd2b248e,a cat walking across a snow covered field,lynx,Cat images & pictures,predator,Hd snow wallpapers,Winter images & pictures,wild cat,feline,cat profile,mammal,grace,Public domain images,,,,,,,,,,,https://unsplash.com/photos/a-cat-walking-across-a-snow-covered-field-_UROD8eHWFs,full/e842a30891ee354281f2b1149bed450d6cb8bfe1.jpg
665de6935b5516c3bd2b248f,white kitten,Cat images & pictures,Animals images & pictures,pet,Hd grey wallpapers,mammal,manx,lip,mouth,Kitten images & pictures,Free stock photos,,,,,,,,,,,,https://unsplash.com/photos/white-kitten-Tn8DLxwuDMA,full/6e54cb461b000fb17719c553030e68cbea66f50f.jpg
665de6945b5516c3bd2b2490,orange tabby cat on yellow surface,Cat images & pictures,Animals images & pictures,pet,Brown backgrounds,cat looking,mammal,abyssinian,manx,HD Wallpapers,,,,,,,,,,,,,https://unsplash.com/photos/orange-tabby-cat-on-yellow-surface-p6yH8VmGqxo,full/60a2a26fbd29356c3afb9616ade72d5e40e32e1f.jpg
665de6955b5516c3bd2b2491,white and brown long fur cat,Cat images & pictures,Animals images & pictures,pet,china,Hq background images,Hd wallpapers,shanghai,Cute images & pictures,Kitten images & pictures,britishcat,Cat images & pictures,britishshorthair,catlove,meow,kitty,tiffany,tiffanyblue,Dog images & pictures,mammal,manx,Free stock photos,https://unsplash.com/photos/white-and-brown-long-fur-cat-ZCHj_2lJP00,full/eb1c690a0ea7542731e127a77845f59c39374108.jpg
665de6965b5516c3bd2b2492,a close up of a gray cat's face,Cat images & pictures,cat face,cat eye,maine coon,close up,Animals images & pictures,pet,feline,lucky cat,old cat,cat head,grey cat,katze,cat eyes,macro,Nature images,Animals images & pictures,Texture backgrounds,fauna,wildlife,Public domain images,https://unsplash.com/photos/a-close-up-of-a-gray-cats-face-YQlNLVYckRk,full/0b6abd87f253f87a48daadd71a5f37aca312861c.jpg
665de6965b5516c3bd2b2493,white butterfly resting on cat's nose,Cat images & pictures,Animals images & pictures,Butterfly images,pet,Nature images,wildlife,insect,Hd cute wallpapers,amazed,Hq background images,Hd wallpapers,Cute backgrounds,reference,Cute images & pictures,Hd wallpapers,Hd art wallpapers,Dog images & pictures,inspiration,kitty,soft,HD Wallpapers,https://unsplash.com/photos/white-butterfly-resting-on-cats-nose-rW-I87aPY5Y,full/0228136851b7fef2ac61a1db81c2bc75932e3afb.jpg
665de6975b5516c3bd2b2494,brown tabby cat on white wooden window,Cat images & pictures,Animals images & pictures,Hd blue wallpapers,Hd teal wallpapers,pet,mammal,abyssinian,manx,Free images,,,,,,,,,,,,,https://unsplash.com/photos/brown-tabby-cat-on-white-wooden-window-CEx86maLUSc,full/cf6e4c31304a55a9e24d08ef764abbae880bd567.jpg
665de6975b5516c3bd2b2495,Russian blue cat wearing yellow sunglasses,Cat images & pictures,Animals images & pictures,amsterdam,netherlands,pet,sunglasses,kat,Cute images & pictures,Hd hipster wallpapers,swag,Hd grey wallpapers,whisker,reflection,glasses,mrtoobs,Kitten images & pictures,Hd yellow wallpapers,abyssinian,mammal,HD Wallpapers,,https://unsplash.com/photos/russian-blue-cat-wearing-yellow-sunglasses-yMSecCHsIBc,full/e8de99052c5f59bbd1c1c0ca9459d0403209bdf4.jpg
665de6985b5516c3bd2b2496,a close up of a cat's paw with it's paw on the,Cat images & pictures,Kitten images & pictures,claw,paw,pad,- paw,paws,kucing,gato bebe,kitty,toe beans,close up,HD Wallpapers,,,,,,,,,https://unsplash.com/photos/a-close-up-of-a-cats-paw-with-its-paw-on-the-nPUb9q-Ibko,full/e5c415574d2aef506508d7829101ce39eb6217c3.jpg
665de6995b5516c3bd2b2497,brown tabby cat on white stairs,Cat images & pictures,pet,Animals images & pictures,united kingdom,london,Cute images & pictures,fur,mammal,manx,abyssinian,Hd grey wallpapers,Kitten images & pictures,Backgrounds,,,,,,,,,https://unsplash.com/photos/brown-tabby-cat-on-white-stairs-mJaD10XeD7w,full/a0325b2e429f466fb65efb4f103475be6f4320e9.jpg
665de6995b5516c3bd2b2498,selective focus photography of orange and white cat on brown table,Cat images & pictures,Animals images & pictures,pet,grand rapids,usa,mi,maine coon,russian,feline,Love images,adore,fancy,companion,friend,adorable,frisky,curious,Cute images & pictures,fluffy,domestic,Free images,https://unsplash.com/photos/selective-focus-photography-of-orange-and-white-cat-on-brown-table-75715CVEJhI,full/b282275ed2ad4c08002050dd0bd241371629e1a5.jpg
665de69a5b5516c3bd2b2499,black and white cat lying on brown bamboo chair inside room,Cat images & pictures,pet,Animals images & pictures,rijeka,croatia,wall,feline,Hd green wallpapers,bamboo,portrait,face,Hd grey wallpapers,manx,mammal,Backgrounds,,,,,,,https://unsplash.com/photos/black-and-white-cat-lying-on-brown-bamboo-chair-inside-room-gKXKBY-C-Dk,full/e7e471ea7118bbb0076492ece108c85c5502da92.jpg
665de69b5b5516c3bd2b249a,close up photo of tabby cat,Cat images & pictures,Animals images & pictures,pet,Kitten images & pictures,furry,fur,domestic,whisker,feline,kitty,romeo,mascota,felino,ojos,pacto,mirada,gato,Black backgrounds,blue eyes,Brown backgrounds,Public domain images,https://unsplash.com/photos/close-up-photo-of-tabby-cat-cWOzOnSoh6Q,full/c011b86ff138bfdb0f57349c7b7bd87c8bc36fb9.jpg
665de69b5b5516c3bd2b249b,brown Scottish fold in brown thick-pile blanket,Cat images & pictures,Animals images & pictures,pet,Kitten images & pictures,hidden,tambov,russia,kitty,Cute images & pictures,cat face,peeking out,peek,blanket,Hd wallpapers,couch,playful,scottish,Eye images,home,Eye images,Backgrounds,https://unsplash.com/photos/brown-scottish-fold-in-brown-thick-pile-blanket-NodtnCsLdTE,full/1000963f07fdfd2cd3a9c7e3c321113c5f6d1d47.jpg
665de69c5b5516c3bd2b249c,silver tabby cat,Cat images & pictures,Animals images & pictures,maroc,pet,a√Øt ben haddou,Hd green wallpapers,Eye images,blue sky,sharpness,mammal,abyssinian,manx,Free images,,,,,,,,,https://unsplash.com/photos/silver-tabby-cat-IuJc2qh2TcA,full/6dd76220602f6fe5ba0695d7ade2d82b0c6c35a3.jpg
665de69d5b5516c3bd2b249d,a close up of a cat's face with a blurry background,Cat images & pictures,Kitten images & pictures,cat portrait,kitty,lucky cat,tabby,focus,determined,cat profile,pet,cat eyes,katze,maine coon,loki,cat cartoon,close up,feline,green eyes,Animals images & pictures,baku,Backgrounds,https://unsplash.com/photos/a-close-up-of-a-cats-face-with-a-blurry-background-MckiqyKMSP8,full/d41149f668520905c7677b4b4ed00a8b920cfcbe.jpg
665de69d5b5516c3bd2b249e,brown tabby cat,Cat images & pictures,Animals images & pictures,pet,Cute images & pictures,model,Hd backgrounds,photogeniccat,cutecat,cuteanimals,smilingcat,catwithteethout,whiskers,catwithtongueout,catwithscarf,catwithteeth,portraitofcat,catopeningmouth,happycat,Hd wallpapers,catposing,HD Wallpapers,https://unsplash.com/photos/brown-tabby-cat-7GX5aICb5i4,full/acde77fdb6548ff8588c620b6587e3e651897ce0.jpg
665de69e5b5516c3bd2b249f,brown tabby kitten sitting on floor,Animals images & pictures,Cat images & pictures,Cute images & pictures,Kitten images & pictures,pet,kitty,southwestern slovakia,background for smartphone,Baby images & photos,young,portrait,sit,fur,face,feline,"1,000,000+ free images",Nature images,Hd wallpapers,edgar,little cat,Free pictures,https://unsplash.com/photos/brown-tabby-kitten-sitting-on-floor-nKC772R_qog,full/f41950754d3934ac823849477afeabf236932f8c.jpg
665de69f5b5516c3bd2b24a0,orange tabby cat on brown parquet floor,Cat images & pictures,Animals images & pictures,pet,montreal,canada,Brown backgrounds,wooden floor,sleepy,warm,eyes closed,red cat,Cat images & pictures,eos 6d,peace,canonfullframer,mammal,manx,hardwood,Hd wood wallpapers,Creative Commons images,,https://unsplash.com/photos/orange-tabby-cat-on-brown-parquet-floor-LEpfefQf4rU,full/e488b7b5e5470450a44ce864fc08e83d0a990028.jpg
